{
    "1": {
        "id": 1,
        "title": "Новость №1",
        "text": "Текст новости номер 1, бла бла бла",
        "category_id": 1
    },
    "2": {
        "id": 2,
        "title": "Новость №2",
        "text": "Текст новости номер 2, тра ла ла",
        "category_id": 2
    },
    "3": {
        "id": 3,
        "title": "Новость №3",
        "text": "Текст новости номер 3, тро ло ло",
        "category_id": 3
    },
    "4": {
        "id": 4,
        "title": "Новость №4",
        "text": "Текст новости номер 4, дрынь дрынь",
        "category_id": 1
    },
    "5": {
        "id": 5,
        "title": "Новость №5",
        "text": "Текст новости номер 5, тро ло ло",
        "category_id": 3
    },
    "6": {
        "category_id": "1",
        "title": "Новая новость 1",
        "text": "Текст новой новости 1. Тема политика",
        "id": 6
    },
    "7": {
        "category_id": "3",
        "title": "Новая новость 2",
        "text": "Текст новой новости 2. тема Наука",
        "id": 7
    },
    "8": {
        "category_id": "3",
        "title": "Новая новость 2",
        "text": "Текст новой новости 2. тема Наука",
        "id": 8
    },
    "9": {
        "category_id": "1",
        "title": "Новая новость 3",
        "text": "лыофрвлфыор1",
        "id": 9
    },
    "10": {
        "category_id": "1",
        "title": "Новая новость 3",
        "text": "лыофрвлфыор1",
        "id": 10
    },
    "11": {
        "category_id": "1",
        "title": "Новая новость 3",
        "text": "лыофрвлфыор1",
        "id": 11
    },
    "12": {
        "category_id": "1",
        "title": "1",
        "text": "d",
        "id": 12
    },
    "13": {
        "category_id": "3",
        "title": "Новая новость 2",
        "text": "asdas",
        "id": 13
    }
}